Parameter,t0,Pt,q0,Pq0,q1,Pq1,q2,Pq2
0,406.5,0,152.4,0,5081,0,1016260,0
1,1220,0,457.3,0.000137,15244,0,3048780,0
2,2033,0,762.2,0.04807,25407,0.0000054,5081301,0
3,2846,0,1067,0.3499,35569,0.00005453,7113821,0
4,3659,0,1372,0.7082,45732,0.0001475,9146341,0
5,4472,0,1677,0.9803,55894,0.0003171,11178862,0
6,5285,0,1982,1.185,66057,0.0005292,13211382,0
7,6098,0,2287,1.298,76220,0.0007409,15243902,0
8,6911,0,2591,1.321,86382,0.0009404,17276423,0
9,7724,0,2896,1.283,96545,0.001103,19308943,0.00000001
10,8537,0,3201,1.207,106707,0.001219,21341463,0.00000001
11,9350,0,3506,1.109,116870,0.001298,23373984,0.00000002
12,10163,0,3811,1.005,127033,0.00135,25406504,0.00000004
13,10976,0,4116,0.905,137195,0.001378,27439024,0.00000006
14,11789,0,4421,0.8142,147358,0.001385,29471545,0.00000009
15,12602,0,4726,0.7354,157520,0.001373,31504065,0.00000013
16,13415,0,5030,0.6682,167683,0.001344,33536585,0.00000018
17,14228,0,5335,0.6121,177846,0.001303,35569106,0.00000023
18,15041,0,5640,0.5657,188008,0.001254,37601626,0.00000029
19,15854,0,5945,0.5275,198171,0.0012,39634146,0.00000037
20,16667,0,6250,0.4959,208333,0.001143,41666667,0.00000045
21,17480,0.0005,6555,0.4697,218496,0.001088,43699187,0.00000054
22,18293,0.0005,6860,0.4478,228659,0.001033,45731707,0.00000063
23,19106,0,7165,0.4295,238821,0.0009824,47764228,0.00000073
24,19919,0.001,7470,0.414,248984,0.000935,49796748,0.00000084
25,20732,0.001,7774,0.4007,259146,0.0008919,51829268,0.00000096
26,21545,0.001,8079,0.3889,269309,0.0008533,53861789,0.00000107
27,22358,0.001,8384,0.3782,279472,0.0008196,55894309,0.0000012
28,23171,0.005,8689,0.3682,289634,0.0007905,57926829,0.00000132
29,23984,0.004,8994,0.3587,299797,0.0007659,59959350,0.00000145
30,24797,0.003,9299,0.3496,309959,0.0007457,61991870,0.00000158
31,25610,0.0095,9604,0.3408,320122,0.0007294,64024390,0.00000172
32,26423,0.007,9909,0.3323,330285,0.0007167,66056911,0.00000185
33,27236,0.008,10213,0.3241,340447,0.0007072,68089431,0.00000199
34,28049,0.0085,10518,0.3162,350610,0.0007005,70121951,0.00000212
35,28862,0.0075,10823,0.3084,360772,0.0006962,72154472,0.00000226
36,29675,0.015,11128,0.3009,370935,0.0006939,74186992,0.0000024
37,30488,0.0135,11433,0.2936,381098,0.0006935,76219512,0.00000253
38,31301,0.018,11738,0.2865,391260,0.0006945,78252033,0.00000267
39,32114,0.0245,12043,0.2796,401423,0.0006968,80284553,0.0000028
40,32927,0.0195,12348,0.2728,411585,0.0007001,82317073,0.00000293
41,33740,0.0295,12652,0.2662,421748,0.0007042,84349593,0.00000307
42,34553,0.0425,12957,0.2598,431911,0.000709,86382114,0.00000319
43,35366,0.0325,13262,0.2535,442073,0.0007144,88414634,0.00000332
44,36179,0.0425,13567,0.2473,452236,0.0007202,90447154,0.00000345
45,36992,0.04,13872,0.2412,462398,0.0007263,92479675,0.00000357
46,37805,0.0545,14177,0.2353,472561,0.0007327,94512195,0.0000037
47,38618,0.0505,14482,0.2294,482724,0.0007393,96544715,0.00000382
48,39431,0.052,14787,0.2237,492886,0.0007459,98577236,0.00000393
49,40244,0.06,15091,0.218,503049,0.0007527,100609756,0.00000405
50,41057,0.0695,15396,0.2125,513211,0.0007595,102642276,0.00000416
51,41870,0.073,15701,0.207,523374,0.0007663,104674797,0.00000428
52,42683,0.0695,16006,0.2017,533537,0.000773,106707317,0.00000439
53,43496,0.081,16311,0.1964,543699,0.0007798,108739837,0.00000449
54,44309,0.084,16616,0.1913,553862,0.0007865,110772358,0.0000046
55,45122,0.0995,16921,0.1862,564024,0.0007931,112804878,0.0000047
56,45935,0.1055,17226,0.1813,574187,0.0007996,114837398,0.0000048
57,46748,0.113,17530,0.1765,584350,0.000806,116869919,0.0000049
58,47561,0.107,17835,0.1718,594512,0.0008123,118902439,0.000005
59,48374,0.126,18140,0.1672,604675,0.0008185,120934959,0.00000509
60,49187,0.1305,18445,0.1627,614837,0.0008247,122967480,0.00000518
61,50000,0.144,18750,0.1584,625000,0.0008307,125000000,0.00000527
62,50813,0.154,19055,0.1541,635163,0.0008365,127032520,0.00000536
63,51626,0.1325,19360,0.15,645325,0.0008423,129065041,0.00000544
64,52439,0.1585,19665,0.146,655488,0.000848,131097561,0.00000553
65,53252,0.1755,19970,0.142,665650,0.0008535,133130081,0.00000561
66,54065,0.187,20274,0.1382,675813,0.0008589,135162602,0.00000569
67,54878,0.1825,20579,0.1345,685976,0.0008642,137195122,0.00000577
68,55691,0.1545,20884,0.131,696138,0.0008694,139227642,0.00000584
69,56504,0.189,21189,0.1275,706301,0.0008745,141260163,0.00000591
70,57317,0.1945,21494,0.1241,716463,0.0008795,143292683,0.00000599
71,58130,0.1975,21799,0.1208,726626,0.0008843,145325203,0.00000606
72,58943,0.216,22104,0.1176,736789,0.0008891,147357724,0.00000612
73,59756,0.2375,22409,0.1145,746951,0.0008937,149390244,0.00000619
74,60569,0.228,22713,0.1116,757114,0.0008982,151422764,0.00000625
75,61382,0.236,23018,0.1086,767276,0.0009027,153455285,0.00000632
76,62195,0.2425,23323,0.1058,777439,0.000907,155487805,0.00000638
77,63008,0.2525,23628,0.1031,787602,0.0009112,157520325,0.00000644
78,63821,0.258,23933,0.1004,797764,0.0009153,159552846,0.00000649
79,64634,0.268,24238,0.09781,807927,0.0009193,161585366,0.00000655
80,65447,0.272,24543,0.09529,818089,0.0009233,163617886,0.0000066
81,66260,0.29,24848,0.09284,828252,0.0009271,165650407,0.00000666
82,67073,0.262,25152,0.09045,838415,0.0009308,167682927,0.00000671
83,67886,0.3085,25457,0.08812,848577,0.0009345,169715447,0.00000676
84,68699,0.2925,25762,0.08586,858740,0.0009381,171747967,0.00000681
85,69512,0.3005,26067,0.08366,868902,0.0009415,173780488,0.00000685
86,70325,0.305,26372,0.08151,879065,0.0009449,175813008,0.0000069
87,71138,0.298,26677,0.07942,889228,0.0009482,177845528,0.00000694
88,71951,0.318,26982,0.07738,899390,0.0009515,179878049,0.00000699
89,72764,0.325,27287,0.0754,909553,0.0009546,181910569,0.00000703
90,73577,0.3255,27591,0.07346,919715,0.0009577,183943089,0.00000707
91,74390,0.3245,27896,0.07158,929878,0.0009607,185975610,0.00000711
92,75203,0.3385,28201,0.06974,940041,0.0009637,188008130,0.00000715
93,76016,0.352,28506,0.06795,950203,0.0009665,190040650,0.00000718
94,76829,0.319,28811,0.0662,960366,0.0009693,192073171,0.00000722
95,77642,0.3355,29116,0.0645,970528,0.000972,194105691,0.00000725
96,78455,0.354,29421,0.06285,980691,0.0009747,196138211,0.00000729
97,79268,0.3565,29726,0.06123,990854,0.0009773,198170732,0.00000732
98,80081,0.358,30030,0.05965,1001016,0.0009798,200203252,0.00000735
99,80894,0.3315,30335,0.05812,1011179,0.0009823,202235772,0.00000738
100,81707,0.326,30640,0.05662,1021341,0.0009847,204268293,0.00000741
101,82520,0.36,30945,0.05516,1031504,0.0009871,206300813,0.00000744
102,83333,0.397,31250,0.05374,1041667,0.0009894,208333333,0.00000747
103,84146,0.357,31555,0.05236,1051829,0.0009916,210365854,0.00000749
104,84959,0.3615,31860,0.05101,1061992,0.0009938,212398374,0.00000752
105,85772,0.373,32165,0.04969,1072154,0.0009959,214430894,0.00000754
106,86585,0.373,32470,0.04841,1082317,0.000998,216463415,0.00000757
107,87398,0.391,32774,0.04716,1092480,0.001,218495935,0.00000759
108,88211,0.3745,33079,0.04594,1102642,0.001002,220528455,0.00000761
109,89024,0.374,33384,0.04476,1112805,0.001004,222560976,0.00000763
110,89837,0.3915,33689,0.0436,1122967,0.001006,224593496,0.00000765
111,90650,0.381,33994,0.04248,1133130,0.001008,226626016,0.00000767
112,91463,0.3925,34299,0.04138,1143293,0.001009,228658537,0.00000769
113,92276,0.3685,34604,0.04031,1153455,0.001011,230691057,0.00000771
114,93089,0.3855,34909,0.03927,1163618,0.001013,232723577,0.00000773
115,93902,0.3825,35213,0.03825,1173780,0.001015,234756098,0.00000775
116,94715,0.4015,35518,0.03726,1183943,0.001016,236788618,0.00000776
117,95528,0.373,35823,0.0363,1194106,0.001018,238821138,0.00000778
118,96341,0.37,36128,0.03536,1204268,0.001019,240853659,0.00000779
119,97154,0.3965,36433,0.03445,1214431,0.001021,242886179,0.00000781
120,97967,0.379,36738,0.03356,1224593,0.001022,244918699,0.00000782
121,98780,0.3895,37043,0.0327,1234756,0.001024,246951220,0.00000783
122,99593,0.3875,37348,0.03185,1244919,0.001025,248983740,0.00000784
123,100407,0.3845,37652,0.03103,1255081,0.001026,251016260,0.00000786
124,101220,0.4085,37957,0.03023,1265244,0.001028,253048780,0.00000787
125,102033,0.408,38262,0.02946,1275407,0.001029,255081301,0.00000788
126,102846,0.392,38567,0.0287,1285569,0.00103,257113821,0.00000789
127,103659,0.3705,38872,0.02797,1295732,0.001032,259146341,0.0000079
128,104472,0.389,39177,0.02725,1305894,0.001033,261178862,0.00000791
129,105285,0.3745,39482,0.02656,1316057,0.001034,263211382,0.00000792
130,106098,0.3895,39787,0.02588,1326220,0.001035,265243902,0.00000792
131,106911,0.398,40091,0.02522,1336382,0.001036,267276423,0.00000793
132,107724,0.3935,40396,0.02458,1346545,0.001037,269308943,0.00000794
133,108537,0.4055,40701,0.02396,1356707,0.001038,271341463,0.00000795
134,109350,0.416,41006,0.02336,1366870,0.001039,273373984,0.00000795
135,110163,0.387,41311,0.02277,1377033,0.00104,275406504,0.00000796
136,110976,0.4,41616,0.0222,1387195,0.001041,277439024,0.00000796
137,111789,0.4035,41921,0.02165,1397358,0.001042,279471545,0.00000797
138,112602,0.3965,42226,0.02111,1407520,0.001043,281504065,0.00000797
139,113415,0.3915,42530,0.02059,1417683,0.001044,283536585,0.00000798
140,114228,0.3985,42835,0.02008,1427846,0.001045,285569106,0.00000798
141,115041,0.381,43140,0.01958,1438008,0.001046,287601626,0.00000798
142,115854,0.3955,43445,0.0191,1448171,0.001046,289634146,0.00000799
143,116667,0.4075,43750,0.01864,1458333,0.001047,291666667,0.00000799
144,117480,0.3795,44055,0.01818,1468496,0.001048,293699187,0.00000799
145,118293,0.386,44360,0.01774,1478659,0.001049,295731707,0.00000799
146,119106,0.4135,44665,0.01731,1488821,0.001049,297764228,0.000008
147,119919,0.3775,44970,0.01689,1498984,0.00105,299796748,0.000008
148,120732,0.404,45274,0.01649,1509146,0.001051,301829268,0.000008
149,121545,0.4055,45579,0.01609,1519309,0.001051,303861789,0.000008
150,122358,0.4095,45884,0.01571,1529472,0.001052,305894309,0.000008
151,123171,0.384,46189,0.01533,1539634,0.001053,307926829,0.000008
152,123984,0.3835,46494,0.01497,1549797,0.001053,309959350,0.000008
153,124797,0.395,46799,0.01461,1559959,0.001054,311991870,0.000008
154,125610,0.399,47104,0.01427,1570122,0.001055,314024390,0.000008
155,126423,0.3815,47409,0.01393,1580285,0.001055,316056911,0.000008
156,127236,0.4015,47713,0.0136,1590447,0.001056,318089431,0.000008
157,128049,0.405,48018,0.01328,1600610,0.001056,320121951,0.00000799
158,128862,0.389,48323,0.01297,1610772,0.001057,322154472,0.00000799
159,129675,0.393,48628,0.01267,1620935,0.001057,324186992,0.00000799
160,130488,0.408,48933,0.01237,1631098,0.001058,326219512,0.00000799
161,131301,0.39,49238,0.01208,1641260,0.001058,328252033,0.00000798
162,132114,0.4055,49543,0.0118,1651423,0.001059,330284553,0.00000798
163,132927,0.382,49848,0.01152,1661585,0.001059,332317073,0.00000798
164,133740,0.4035,50152,0.01125,1671748,0.001059,334349593,0.00000798
165,134553,0.4065,50457,0.01099,1681911,0.00106,336382114,0.00000797
166,135366,0.4205,50762,0.01073,1692073,0.00106,338414634,0.00000797
167,136179,0.424,51067,0.01048,1702236,0.001061,340447154,0.00000797
168,136992,0.372,51372,0.01024,1712398,0.001061,342479675,0.00000796
169,137805,0.402,51677,0.01,1722561,0.001061,344512195,0.00000796
170,138618,0.4065,51982,0.009768,1732724,0.001062,346544715,0.00000795
171,139431,0.403,52287,0.00954,1742886,0.001062,348577236,0.00000795
172,140244,0.415,52591,0.009317,1753049,0.001062,350609756,0.00000794
173,141057,0.3805,52896,0.009099,1763211,0.001062,352642276,0.00000794
174,141870,0.417,53201,0.008887,1773374,0.001063,354674797,0.00000793
175,142683,0.3865,53506,0.008679,1783537,0.001063,356707317,0.00000793
176,143496,0.417,53811,0.008477,1793699,0.001063,358739837,0.00000792
177,144309,0.391,54116,0.008279,1803862,0.001064,360772358,0.00000792
178,145122,0.4035,54421,0.008085,1814024,0.001064,362804878,0.00000791
179,145935,0.418,54726,0.007896,1824187,0.001064,364837398,0.00000791
180,146748,0.388,55030,0.007712,1834350,0.001064,366869919,0.0000079
181,147561,0.395,55335,0.007531,1844512,0.001064,368902439,0.00000789
182,148374,0.445,55640,0.007356,1854675,0.001065,370934959,0.00000789
183,149187,0.3945,55945,0.007184,1864837,0.001065,372967480,0.00000788
184,150000,0.4085,56250,0.007016,1875000,0.001065,375000000,0.00000787
185,150813,0.418,56555,0.006852,1885163,0.001065,377032520,0.00000787
186,151626,0.407,56860,0.006693,1895325,0.001065,379065041,0.00000786
187,152439,0.3885,57165,0.006537,1905488,0.001066,381097561,0.00000785
188,153252,0.401,57470,0.006385,1915650,0.001066,383130081,0.00000785
189,154065,0.4165,57774,0.006236,1925813,0.001066,385162602,0.00000784
190,154878,0.406,58079,0.006092,1935976,0.001066,387195122,0.00000783
191,155691,0.417,58384,0.005951,1946138,0.001066,389227642,0.00000782
192,156504,0.388,58689,0.005813,1956301,0.001066,391260163,0.00000782
193,157317,0.4225,58994,0.005679,1966463,0.001066,393292683,0.00000781
194,158130,0.382,59299,0.005548,1976626,0.001066,395325203,0.0000078
195,158943,0.432,59604,0.00542,1986789,0.001066,397357724,0.00000779
196,159756,0.419,59909,0.005296,1996951,0.001067,399390244,0.00000779
197,160569,0.4065,60213,0.005175,2007114,0.001067,401422764,0.00000778
198,161382,0.4165,60518,0.005057,2017276,0.001067,403455285,0.00000777
199,162195,0.429,60823,0.004942,2027439,0.001067,405487805,0.00000776
200,163008,0.41,61128,0.00483,2037602,0.001067,407520325,0.00000775
201,163821,0.3905,61433,0.00472,2047764,0.001067,409552846,0.00000775
202,164634,0.4145,61738,0.004614,2057927,0.001067,411585366,0.00000774
203,165447,0.4025,62043,0.00451,2068089,0.001067,413617886,0.00000773
204,166260,0.4035,62348,0.00441,2078252,0.001067,415650407,0.00000772
205,167073,0.4155,62652,0.004311,2088415,0.001067,417682927,0.00000771
206,167886,0.4075,62957,0.004216,2098577,0.001067,419715447,0.0000077
207,168699,0.3985,63262,0.004123,2108740,0.001067,421747967,0.00000769
208,169512,0.4175,63567,0.004032,2118902,0.001067,423780488,0.00000769
209,170325,0.4145,63872,0.003944,2129065,0.001067,425813008,0.00000768
210,171138,0.386,64177,0.003858,2139228,0.001067,427845528,0.00000767
211,171951,0.421,64482,0.003774,2149390,0.001067,429878049,0.00000766
212,172764,0.386,64787,0.003693,2159553,0.001067,431910569,0.00000765
213,173577,0.428,65091,0.003613,2169715,0.001067,433943089,0.00000764
214,174390,0.388,65396,0.003536,2179878,0.001067,435975610,0.00000763
215,175203,0.4255,65701,0.003461,2190041,0.001067,438008130,0.00000762
216,176016,0.407,66006,0.003388,2200203,0.001067,440040650,0.00000761
217,176829,0.375,66311,0.003316,2210366,0.001067,442073171,0.0000076
218,177642,0.402,66616,0.003247,2220528,0.001067,444105691,0.00000759
219,178455,0.408,66921,0.003179,2230691,0.001067,446138211,0.00000759
220,179268,0.382,67226,0.003114,2240854,0.001067,448170732,0.00000758
221,180081,0.3975,67530,0.00305,2251016,0.001067,450203252,0.00000757
222,180894,0.394,67835,0.002987,2261179,0.001067,452235772,0.00000756
223,181707,0.3905,68140,0.002926,2271341,0.001067,454268293,0.00000755
224,182520,0.38,68445,0.002867,2281504,0.001067,456300813,0.00000754
225,183333,0.3735,68750,0.002809,2291667,0.001067,458333333,0.00000753
226,184146,0.3785,69055,0.002753,2301829,0.001066,460365854,0.00000752
227,184959,0.375,69360,0.002698,2311992,0.001066,462398374,0.00000751
228,185772,0.3685,69665,0.002645,2322154,0.001066,464430894,0.0000075
229,186585,0.3565,69970,0.002592,2332317,0.001066,466463415,0.00000749
230,187398,0.3405,70274,0.002542,2342480,0.001066,468495935,0.00000748
231,188211,0.361,70579,0.002492,2352642,0.001066,470528455,0.00000747
232,189024,0.3755,70884,0.002444,2362805,0.001066,472560976,0.00000746
233,189837,0.3635,71189,0.002396,2372967,0.001066,474593496,0.00000745
234,190650,0.371,71494,0.00235,2383130,0.001066,476626016,0.00000744
235,191463,0.3495,71799,0.002305,2393293,0.001066,478658537,0.00000743
236,192276,0.36,72104,0.002261,2403455,0.001066,480691057,0.00000742
237,193089,0.3345,72409,0.002219,2413618,0.001066,482723577,0.00000741
238,193902,0.35,72713,0.002177,2423780,0.001065,484756098,0.0000074
239,194715,0.355,73018,0.002136,2433943,0.001065,486788618,0.00000739
240,195528,0.337,73323,0.002096,2444106,0.001065,488821138,0.00000738
241,196341,0.314,73628,0.002057,2454268,0.001065,490853659,0.00000737
242,197154,0.3265,73933,0.002019,2464431,0.001065,492886179,0.00000736
243,197967,0.343,74238,0.001982,2474593,0.001065,494918699,0.00000735
244,198780,0.346,74543,0.001945,2484756,0.001065,496951220,0.00000734
245,199593,0.3175,74848,0.00191,2494919,0.001065,498983740,0.00000733
246,200407,0.3315,75152,0.001875,2505081,0.001064,501016260,0.00000732
247,201220,0.331,75457,0.001841,2515244,0.001064,503048780,0.00000731
248,202033,0.3245,75762,0.001808,2525407,0.001064,505081301,0.0000073
249,202846,0.3355,76067,0.001775,2535569,0.001064,507113821,0.00000729
250,203659,0.3245,76372,0.001743,2545732,0.001064,509146341,0.00000728
251,204472,0.3085,76677,0.001712,2555894,0.001064,511178862,0.00000727
252,205285,0.3175,76982,0.001681,2566057,0.001064,513211382,0.00000726
253,206098,0.3115,77287,0.001651,2576220,0.001064,515243902,0.00000725
254,206911,0.301,77591,0.001622,2586382,0.001063,517276423,0.00000724
255,207724,0.31,77896,0.001594,2596545,0.001063,519308943,0.00000723
256,208537,0.2935,78201,0.001565,2606707,0.001063,521341463,0.00000722
257,209350,0.278,78506,0.001538,2616870,0.001063,523373984,0.0000072
258,210163,0.3,78811,0.001511,2627033,0.001063,525406504,0.00000719
259,210976,0.312,79116,0.001485,2637195,0.001063,527439024,0.00000718
260,211789,0.305,79421,0.001459,2647358,0.001062,529471545,0.00000717
261,212602,0.2735,79726,0.001434,2657520,0.001062,531504065,0.00000716
262,213415,0.2835,80030,0.001409,2667683,0.001062,533536585,0.00000715
263,214228,0.266,80335,0.001384,2677846,0.001062,535569106,0.00000714
264,215041,0.274,80640,0.001361,2688008,0.001062,537601626,0.00000713
265,215854,0.29,80945,0.001337,2698171,0.001062,539634146,0.00000712
266,216667,0.2535,81250,0.001314,2708333,0.001062,541666667,0.00000711
267,217480,0.2765,81555,0.001292,2718496,0.001061,543699187,0.0000071
268,218293,0.267,81860,0.00127,2728659,0.001061,545731707,0.00000709
269,219106,0.265,82165,0.001248,2738821,0.001061,547764228,0.00000708
270,219919,0.2885,82470,0.001227,2748984,0.001061,549796748,0.00000707
271,220732,0.275,82774,0.001206,2759146,0.001061,551829268,0.00000706
272,221545,0.2715,83079,0.001186,2769309,0.001061,553861789,0.00000705
273,222358,0.259,83384,0.001166,2779472,0.00106,555894309,0.00000704
274,223171,0.263,83689,0.001146,2789634,0.00106,557926829,0.00000703
275,223984,0.2755,83994,0.001127,2799797,0.00106,559959350,0.00000702
276,224797,0.2665,84299,0.001108,2809959,0.00106,561991870,0.00000701
277,225610,0.257,84604,0.00109,2820122,0.00106,564024390,0.000007
278,226423,0.2325,84909,0.001072,2830285,0.001059,566056911,0.00000699
279,227236,0.226,85213,0.001054,2840447,0.001059,568089431,0.00000698
280,228049,0.2325,85518,0.001036,2850610,0.001059,570121951,0.00000697
281,228862,0.232,85823,0.001019,2860772,0.001059,572154472,0.00000696
282,229675,0.2285,86128,0.001002,2870935,0.001059,574186992,0.00000695
283,230488,0.216,86433,0.0009859,2881098,0.001059,576219512,0.00000694
284,231301,0.2385,86738,0.0009697,2891260,0.001058,578252033,0.00000693
285,232114,0.2295,87043,0.0009538,2901423,0.001058,580284553,0.00000692
286,232927,0.22,87348,0.0009382,2911585,0.001058,582317073,0.0000069
287,233740,0.2225,87652,0.0009229,2921748,0.001058,584349593,0.00000689
288,234553,0.2195,87957,0.0009079,2931911,0.001058,586382114,0.00000688
289,235366,0.2175,88262,0.0008932,2942073,0.001057,588414634,0.00000687
290,236179,0.2445,88567,0.0008788,2952236,0.001057,590447154,0.00000686
291,236992,0.208,88872,0.0008646,2962398,0.001057,592479675,0.00000685
292,237805,0.2175,89177,0.0008507,2972561,0.001057,594512195,0.00000684
293,238618,0.222,89482,0.000837,2982724,0.001057,596544715,0.00000683
294,239431,0.2265,89787,0.0008236,2992886,0.001057,598577236,0.00000682
295,240244,0.186,90091,0.0008105,3003049,0.001056,600609756,0.00000681
296,241057,0.197,90396,0.0007976,3013211,0.001056,602642276,0.0000068
297,241870,0.206,90701,0.0007849,3023374,0.001056,604674797,0.00000679
298,242683,0.192,91006,0.0007725,3033537,0.001056,606707317,0.00000678
299,243496,0.1935,91311,0.0007603,3043699,0.001056,608739837,0.00000677
300,244309,0.1885,91616,0.0007483,3053862,0.001055,610772358,0.00000676
301,245122,0.192,91921,0.0007366,3064024,0.001055,612804878,0.00000675
302,245935,0.188,92226,0.000725,3074187,0.001055,614837398,0.00000674
303,246748,0.1825,92530,0.0007137,3084350,0.001055,616869919,0.00000673
304,247561,0.194,92835,0.0007026,3094512,0.001055,618902439,0.00000672
305,248374,0.185,93140,0.0006917,3104675,0.001054,620934959,0.00000671
306,249187,0.175,93445,0.000681,3114837,0.001054,622967480,0.0000067
307,250000,0.1835,93750,0.0006705,3125000,0.001054,625000000,0.00000669
308,250813,0.178,94055,0.0006602,3135163,0.001054,627032520,0.00000668
309,251626,0.1735,94360,0.00065,3145325,0.001054,629065041,0.00000667
310,252439,0.1885,94665,0.0006401,3155488,0.001053,631097561,0.00000666
311,253252,0.162,94970,0.0006303,3165650,0.001053,633130081,0.00000665
312,254065,0.176,95274,0.0006208,3175813,0.001053,635162602,0.00000664
313,254878,0.165,95579,0.0006114,3185976,0.001053,637195122,0.00000663
314,255691,0.148,95884,0.0006021,3196138,0.001053,639227642,0.00000662
315,256504,0.1745,96189,0.0005931,3206301,0.001052,641260163,0.00000661
316,257317,0.1575,96494,0.0005842,3216463,0.001052,643292683,0.0000066
317,258130,0.166,96799,0.0005754,3226626,0.001052,645325203,0.00000659
318,258943,0.1535,97104,0.0005668,3236789,0.001052,647357724,0.00000658
319,259756,0.149,97409,0.0005584,3246951,0.001052,649390244,0.00000657
320,260569,0.167,97713,0.0005501,3257114,0.001052,651422764,0.00000656
321,261382,0.145,98018,0.000542,3267276,0.001051,653455285,0.00000655
322,262195,0.1495,98323,0.000534,3277439,0.001051,655487805,0.00000654
323,263008,0.1555,98628,0.0005262,3287602,0.001051,657520325,0.00000653
324,263821,0.1465,98933,0.0005185,3297764,0.001051,659552846,0.00000652
325,264634,0.1465,99238,0.0005109,3307927,0.001051,661585366,0.00000651
326,265447,0.1515,99543,0.0005035,3318089,0.00105,663617886,0.0000065
327,266260,0.139,99848,0.0004962,3328252,0.00105,665650407,0.00000649
328,267073,0.1325,100152,0.0004891,3338415,0.00105,667682927,0.00000648
329,267886,0.128,100457,0.000482,3348577,0.00105,669715447,0.00000647
330,268699,0.144,100762,0.0004751,3358740,0.00105,671747967,0.00000646
331,269512,0.131,101067,0.0004683,3368902,0.001049,673780488,0.00000645
332,270325,0.127,101372,0.0004616,3379065,0.001049,675813008,0.00000644
333,271138,0.1315,101677,0.0004551,3389228,0.001049,677845528,0.00000643
334,271951,0.1235,101982,0.0004486,3399390,0.001049,679878049,0.00000642
335,272764,0.1195,102287,0.0004423,3409553,0.001049,681910569,0.00000641
336,273577,0.1115,102591,0.0004361,3419715,0.001048,683943089,0.00000641
337,274390,0.1185,102896,0.0004299,3429878,0.001048,685975610,0.0000064
338,275203,0.1165,103201,0.0004239,3440041,0.001048,688008130,0.00000639
339,276016,0.122,103506,0.000418,3450203,0.001048,690040650,0.00000638
340,276829,0.1255,103811,0.0004122,3460366,0.001048,692073171,0.00000637
341,277642,0.1025,104116,0.0004065,3470528,0.001047,694105691,0.00000636
342,278455,0.1105,104421,0.0004009,3480691,0.001047,696138211,0.00000635
343,279268,0.1075,104726,0.0003953,3490854,0.001047,698170732,0.00000634
344,280081,0.122,105030,0.0003899,3501016,0.001047,700203252,0.00000633
345,280894,0.113,105335,0.0003846,3511179,0.001047,702235772,0.00000632
346,281707,0.101,105640,0.0003793,3521341,0.001046,704268293,0.00000631
347,282520,0.1125,105945,0.0003742,3531504,0.001046,706300813,0.0000063
348,283333,0.1075,106250,0.0003691,3541667,0.001046,708333333,0.00000629
349,284146,0.116,106555,0.0003641,3551829,0.001046,710365854,0.00000628
350,284959,0.114,106860,0.0003592,3561992,0.001046,712398374,0.00000627
351,285772,0.107,107165,0.0003543,3572154,0.001045,714430894,0.00000626
352,286585,0.115,107470,0.0003496,3582317,0.001045,716463415,0.00000625
353,287398,0.1025,107774,0.0003449,3592480,0.001045,718495935,0.00000624
354,288211,0.1105,108079,0.0003403,3602642,0.001045,720528455,0.00000624
355,289024,0.105,108384,0.0003358,3612805,0.001045,722560976,0.00000623
356,289837,0.1025,108689,0.0003313,3622967,0.001044,724593496,0.00000622
357,290650,0.0985,108994,0.0003269,3633130,0.001044,726626016,0.00000621
358,291463,0.0925,109299,0.0003226,3643293,0.001044,728658537,0.0000062
359,292276,0.0885,109604,0.0003183,3653455,0.001044,730691057,0.00000619
360,293089,0.0955,109909,0.0003142,3663618,0.001044,732723577,0.00000618
361,293902,0.096,110213,0.00031,3673780,0.001043,734756098,0.00000617
362,294715,0.0855,110518,0.000306,3683943,0.001043,736788618,0.00000616
363,295528,0.097,110823,0.000302,3694106,0.001043,738821138,0.00000615
364,296341,0.0985,111128,0.0002981,3704268,0.001043,740853659,0.00000614
365,297154,0.0955,111433,0.0002942,3714431,0.001043,742886179,0.00000613
366,297967,0.076,111738,0.0002904,3724593,0.001042,744918699,0.00000612
367,298780,0.074,112043,0.0002866,3734756,0.001042,746951220,0.00000612
368,299593,0.0725,112348,0.0002829,3744919,0.001042,748983740,0.00000611
369,300407,0.0815,112652,0.0002793,3755081,0.001042,751016260,0.0000061
370,301220,0.0785,112957,0.0002757,3765244,0.001042,753048780,0.00000609
371,302033,0.074,113262,0.0002721,3775407,0.001042,755081301,0.00000608
372,302846,0.079,113567,0.0002687,3785569,0.001041,757113821,0.00000607
373,303659,0.083,113872,0.0002652,3795732,0.001041,759146341,0.00000606
374,304472,0.079,114177,0.0002619,3805894,0.001041,761178862,0.00000605
375,305285,0.0825,114482,0.0002585,3816057,0.001041,763211382,0.00000604
376,306098,0.071,114787,0.0002552,3826220,0.001041,765243902,0.00000604
377,306911,0.069,115091,0.000252,3836382,0.00104,767276423,0.00000603
378,307724,0.0695,115396,0.0002488,3846545,0.00104,769308943,0.00000602
379,308537,0.071,115701,0.0002457,3856707,0.00104,771341463,0.00000601
380,309350,0.0735,116006,0.0002426,3866870,0.00104,773373984,0.000006
381,310163,0.073,116311,0.0002395,3877033,0.00104,775406504,0.00000599
382,310976,0.073,116616,0.0002365,3887195,0.001039,777439024,0.00000598
383,311789,0.058,116921,0.0002335,3897358,0.001039,779471545,0.00000597
384,312602,0.072,117226,0.0002306,3907520,0.001039,781504065,0.00000596
385,313415,0.0715,117530,0.0002277,3917683,0.001039,783536585,0.00000596
386,314228,0.073,117835,0.0002249,3927846,0.001039,785569106,0.00000595
387,315041,0.073,118140,0.0002221,3938008,0.001038,787601626,0.00000594
388,315854,0.0625,118445,0.0002193,3948171,0.001038,789634146,0.00000593
389,316667,0.0645,118750,0.0002166,3958333,0.001038,791666667,0.00000592
390,317480,0.064,119055,0.0002139,3968496,0.001038,793699187,0.00000591
391,318293,0.068,119360,0.0002112,3978659,0.001038,795731707,0.0000059
392,319106,0.067,119665,0.0002086,3988821,0.001038,797764228,0.0000059
393,319919,0.062,119970,0.000206,3998984,0.001037,799796748,0.00000589
394,320732,0.0655,120274,0.0002035,4009146,0.001037,801829268,0.00000588
395,321545,0.0615,120579,0.0002009,4019309,0.001037,803861789,0.00000587
396,322358,0.04,120884,0.0001985,4029472,0.001037,805894309,0.00000586
397,323171,0.065,121189,0.000196,4039634,0.001037,807926829,0.00000585
398,323984,0.0495,121494,0.0001936,4049797,0.001036,809959350,0.00000584
399,324797,0.066,121799,0.0001912,4059959,0.001036,811991870,0.00000584
400,325610,0.0505,122104,0.0001889,4070122,0.001036,814024390,0.00000583
401,326423,0.058,122409,0.0001866,4080285,0.001036,816056911,0.00000582
402,327236,0.0515,122713,0.0001843,4090447,0.001036,818089431,0.00000581
403,328049,0.0545,123018,0.000182,4100610,0.001036,820121951,0.0000058
404,328862,0.053,123323,0.0001798,4110772,0.001035,822154472,0.00000579
405,329675,0.0535,123628,0.0001776,4120935,0.001035,824186992,0.00000579
406,330488,0.056,123933,0.0001754,4131098,0.001035,826219512,0.00000578
407,331301,0.0615,124238,0.0001733,4141260,0.001035,828252033,0.00000577
408,332114,0.048,124543,0.0001712,4151423,0.001035,830284553,0.00000576
409,332927,0.051,124848,0.0001691,4161585,0.001034,832317073,0.00000575
410,333740,0.054,125152,0.000167,4171748,0.001034,834349593,0.00000574
411,334553,0.046,125457,0.000165,4181911,0.001034,836382114,0.00000574
412,335366,0.033,125762,0.000163,4192073,0.001034,838414634,0.00000573
413,336179,0.0515,126067,0.000161,4202236,0.001034,840447154,0.00000572
414,336992,0.059,126372,0.0001591,4212398,0.001034,842479675,0.00000571
415,337805,0.0385,126677,0.0001571,4222561,0.001033,844512195,0.0000057
416,338618,0.0475,126982,0.0001552,4232724,0.001033,846544715,0.0000057
417,339431,0.052,127287,0.0001533,4242886,0.001033,848577236,0.00000569
418,340244,0.051,127591,0.0001515,4253049,0.001033,850609756,0.00000568
419,341057,0.052,127896,0.0001497,4263211,0.001033,852642276,0.00000567
420,341870,0.0435,128201,0.0001478,4273374,0.001032,854674797,0.00000566
421,342683,0.0515,128506,0.0001461,4283537,0.001032,856707317,0.00000565
422,343496,0.0435,128811,0.0001443,4293699,0.001032,858739837,0.00000565
423,344309,0.0425,129116,0.0001426,4303862,0.001032,860772358,0.00000564
424,345122,0.052,129421,0.0001408,4314024,0.001032,862804878,0.00000563
425,345935,0.0425,129726,0.0001391,4324187,0.001032,864837398,0.00000562
426,346748,0.044,130030,0.0001375,4334350,0.001031,866869919,0.00000561
427,347561,0.04,130335,0.0001358,4344512,0.001031,868902439,0.00000561
428,348374,0.0445,130640,0.0001342,4354675,0.001031,870934959,0.0000056
429,349187,0.05,130945,0.0001326,4364837,0.001031,872967480,0.00000559
430,350000,0.0375,131250,0.000131,4375000,0.001031,875000000,0.00000558
431,350813,0.039,131555,0.0001294,4385163,0.001031,877032520,0.00000558
432,351626,0.037,131860,0.0001279,4395325,0.00103,879065041,0.00000557
433,352439,0.04,132165,0.0001263,4405488,0.00103,881097561,0.00000556
434,353252,0.0465,132470,0.0001248,4415650,0.00103,883130081,0.00000555
435,354065,0.0365,132774,0.0001233,4425813,0.00103,885162602,0.00000554
436,354878,0.038,133079,0.0001218,4435976,0.00103,887195122,0.00000554
437,355691,0.03,133384,0.0001204,4446138,0.00103,889227642,0.00000553
438,356504,0.0385,133689,0.0001189,4456301,0.001029,891260163,0.00000552
439,357317,0.042,133994,0.0001175,4466463,0.001029,893292683,0.00000551
440,358130,0.039,134299,0.0001161,4476626,0.001029,895325203,0.00000551
441,358943,0.033,134604,0.0001147,4486789,0.001029,897357724,0.0000055
442,359756,0.045,134909,0.0001134,4496951,0.001029,899390244,0.00000549
443,360569,0.027,135213,0.000112,4507114,0.001028,901422764,0.00000548
444,361382,0.031,135518,0.0001107,4517276,0.001028,903455285,0.00000548
445,362195,0.032,135823,0.0001093,4527439,0.001028,905487805,0.00000547
446,363008,0.0375,136128,0.000108,4537602,0.001028,907520325,0.00000546
447,363821,0.0395,136433,0.0001068,4547764,0.001028,909552846,0.00000545
448,364634,0.0325,136738,0.0001055,4557927,0.001028,911585366,0.00000544
449,365447,0.0335,137043,0.0001042,4568089,0.001027,913617886,0.00000544
450,366260,0.0305,137348,0.000103,4578252,0.001027,915650407,0.00000543
451,367073,0.0255,137652,0.0001018,4588415,0.001027,917682927,0.00000542
452,367886,0.033,137957,0.0001006,4598577,0.001027,919715447,0.00000541
453,368699,0.028,138262,0.00009936,4608740,0.001027,921747967,0.00000541
454,369512,0.03,138567,0.00009818,4618902,0.001027,923780488,0.0000054
455,370325,0.0285,138872,0.00009701,4629065,0.001026,925813008,0.00000539
456,371138,0.027,139177,0.00009586,4639228,0.001026,927845528,0.00000539
457,371951,0.033,139482,0.00009472,4649390,0.001026,929878049,0.00000538
458,372764,0.0315,139787,0.0000936,4659553,0.001026,931910569,0.00000537
459,373577,0.034,140091,0.00009249,4669715,0.001026,933943089,0.00000536
460,374390,0.034,140396,0.00009139,4679878,0.001026,935975610,0.00000536
461,375203,0.03,140701,0.00009031,4690041,0.001026,938008130,0.00000535
462,376016,0.0255,141006,0.00008924,4700203,0.001025,940040650,0.00000534
463,376829,0.027,141311,0.00008818,4710366,0.001025,942073171,0.00000533
464,377642,0.028,141616,0.00008713,4720528,0.001025,944105691,0.00000533
465,378455,0.0305,141921,0.0000861,4730691,0.001025,946138211,0.00000532
466,379268,0.0245,142226,0.00008508,4740854,0.001025,948170732,0.00000531
467,380081,0.0245,142530,0.00008407,4751016,0.001025,950203252,0.0000053
468,380894,0.03,142835,0.00008308,4761179,0.001024,952235772,0.0000053
469,381707,0.0265,143140,0.00008209,4771341,0.001024,954268293,0.00000529
470,382520,0.023,143445,0.00008112,4781504,0.001024,956300813,0.00000528
471,383333,0.0265,143750,0.00008016,4791667,0.001024,958333333,0.00000528
472,384146,0.0185,144055,0.00007921,4801829,0.001024,960365854,0.00000527
473,384959,0.0245,144360,0.00007828,4811992,0.001024,962398374,0.00000526
474,385772,0.0205,144665,0.00007735,4822154,0.001023,964430894,0.00000525
475,386585,0.028,144970,0.00007643,4832317,0.001023,966463415,0.00000525
476,387398,0.025,145274,0.00007553,4842480,0.001023,968495935,0.00000524
477,388211,0.023,145579,0.00007464,4852642,0.001023,970528455,0.00000523
478,389024,0.0285,145884,0.00007375,4862805,0.001023,972560976,0.00000523
479,389837,0.0205,146189,0.00007288,4872967,0.001023,974593496,0.00000522
480,390650,0.025,146494,0.00007202,4883130,0.001023,976626016,0.00000521
481,391463,0.0315,146799,0.00007117,4893293,0.001022,978658537,0.00000521
482,392276,0.026,147104,0.00007032,4903455,0.001022,980691057,0.0000052
483,393089,0.0235,147409,0.00006949,4913618,0.001022,982723577,0.00000519
484,393902,0.0265,147713,0.00006867,4923780,0.001022,984756098,0.00000518
485,394715,0.022,148018,0.00006786,4933943,0.001022,986788618,0.00000518
486,395528,0.022,148323,0.00006705,4944106,0.001022,988821138,0.00000517
487,396341,0.0255,148628,0.00006626,4954268,0.001021,990853659,0.00000516
488,397154,0.0155,148933,0.00006548,4964431,0.001021,992886179,0.00000516
489,397967,0.0195,149238,0.0000647,4974593,0.001021,994918699,0.00000515
490,398780,0.0255,149543,0.00006394,4984756,0.001021,996951220,0.00000514
491,399593,0.0195,149848,0.00006318,4994919,0.001021,998983740,0.00000514
492,400407,0.017,150152,0.00006243,5005081,0.001021,1.00E+09,0.00000513
493,401220,0.0215,150457,0.00006169,5015244,0.001021,1.00E+09,0.00000512
494,402033,0.018,150762,0.00006096,5025407,0.00102,1.00E+09,0.00000512
495,402846,0.019,151067,0.00006024,5035569,0.00102,1.00E+09,0.00000511
496,403659,0.0245,151372,0.00005952,5045732,0.00102,1.00E+09,0.0000051
497,404472,0.0165,151677,0.00005882,5055894,0.00102,1.00E+09,0.0000051
498,405285,0.024,151982,0.00005812,5066057,0.00102,1.00E+09,0.00000509
499,406098,0.0185,152287,0.00005743,5076220,0.00102,1.00E+09,0.00000508
500,406911,0.021,152591,0.00005675,5086382,0.001019,1.00E+09,0.00000508
501,407724,0.0215,152896,0.00005608,5096545,0.001019,1.00E+09,0.00000507
502,408537,0.018,153201,0.00005541,5106707,0.001019,1.00E+09,0.00000506
503,409350,0.0175,153506,0.00005475,5116870,0.001019,1.00E+09,0.00000506
504,410163,0.0145,153811,0.0000541,5127033,0.001019,1.00E+09,0.00000505
505,410976,0.0225,154116,0.00005346,5137195,0.001019,1.00E+09,0.00000504
506,411789,0.016,154421,0.00005283,5147358,0.001019,1.00E+09,0.00000504
507,412602,0.025,154726,0.0000522,5157520,0.001018,1.00E+09,0.00000503
508,413415,0.017,155030,0.00005158,5167683,0.001018,1.00E+09,0.00000502
509,414228,0.021,155335,0.00005097,5177846,0.001018,1.00E+09,0.00000502
510,415041,0.0175,155640,0.00005036,5188008,0.001018,1.00E+09,0.00000501
511,415854,0.0155,155945,0.00004976,5198171,0.001018,1.00E+09,0.000005
512,416667,0.0145,156250,0.00004917,5208333,0.001018,1.00E+09,0.000005
513,417480,0.0185,156555,0.00004858,5218496,0.001018,1.00E+09,0.00000499
514,418293,0.0145,156860,0.000048,5228659,0.001017,1.00E+09,0.00000498
515,419106,0.0185,157165,0.00004743,5238821,0.001017,1.00E+09,0.00000498
516,419919,0.0165,157470,0.00004687,5248984,0.001017,1.00E+09,0.00000497
517,420732,0.019,157774,0.00004631,5259146,0.001017,1.00E+09,0.00000496
518,421545,0.0175,158079,0.00004575,5269309,0.001017,1.00E+09,0.00000496
519,422358,0.0215,158384,0.00004521,5279472,0.001017,1.00E+09,0.00000495
520,423171,0.0155,158689,0.00004467,5289634,0.001017,1.00E+09,0.00000495
521,423984,0.017,158994,0.00004414,5299797,0.001016,1.00E+09,0.00000494
522,424797,0.0145,159299,0.00004361,5309959,0.001016,1.00E+09,0.00000493
523,425610,0.015,159604,0.00004309,5320122,0.001016,1.00E+09,0.00000493
524,426423,0.0135,159909,0.00004257,5330285,0.001016,1.00E+09,0.00000492
525,427236,0.0125,160213,0.00004206,5340447,0.001016,1.00E+09,0.00000491
526,428049,0.0155,160518,0.00004156,5350610,0.001016,1.00E+09,0.00000491
527,428862,0.0135,160823,0.00004106,5360772,0.001016,1.00E+09,0.0000049
528,429675,0.0145,161128,0.00004057,5370935,0.001016,1.00E+09,0.00000489
529,430488,0.019,161433,0.00004008,5381098,0.001015,1.00E+09,0.00000489
530,431301,0.0125,161738,0.0000396,5391260,0.001015,1.00E+09,0.00000488
531,432114,0.0195,162043,0.00003913,5401423,0.001015,1.00E+09,0.00000488
532,432927,0.0085,162348,0.00003866,5411585,0.001015,1.00E+09,0.00000487
533,433740,0.012,162652,0.00003819,5421748,0.001015,1.00E+09,0.00000486
534,434553,0.017,162957,0.00003774,5431911,0.001015,1.00E+09,0.00000486
535,435366,0.0125,163262,0.00003728,5442073,0.001015,1.00E+09,0.00000485
536,436179,0.0165,163567,0.00003683,5452236,0.001014,1.00E+09,0.00000485
537,436992,0.018,163872,0.00003639,5462398,0.001014,1.00E+09,0.00000484
538,437805,0.016,164177,0.00003595,5472561,0.001014,1.00E+09,0.00000483
539,438618,0.006,164482,0.00003552,5482724,0.001014,1.00E+09,0.00000483
540,439431,0.01,164787,0.00003509,5492886,0.001014,1.00E+09,0.00000482
541,440244,0.016,165091,0.00003467,5503049,0.001014,1.00E+09,0.00000481
542,441057,0.0095,165396,0.00003425,5513211,0.001014,1.00E+09,0.00000481
543,441870,0.013,165701,0.00003384,5523374,0.001013,1.00E+09,0.0000048
544,442683,0.014,166006,0.00003343,5533537,0.001013,1.00E+09,0.0000048
545,443496,0.017,166311,0.00003303,5543699,0.001013,1.00E+09,0.00000479
546,444309,0.0095,166616,0.00003263,5553862,0.001013,1.00E+09,0.00000478
547,445122,0.016,166921,0.00003224,5564024,0.001013,1.00E+09,0.00000478
548,445935,0.01,167226,0.00003185,5574187,0.001013,1.00E+09,0.00000477
549,446748,0.0095,167530,0.00003146,5584350,0.001013,1.00E+09,0.00000477
550,447561,0.011,167835,0.00003108,5594512,0.001013,1.00E+09,0.00000476
551,448374,0.0135,168140,0.00003071,5604675,0.001012,1.00E+09,0.00000475
552,449187,0.0115,168445,0.00003033,5614837,0.001012,1.00E+09,0.00000475
553,450000,0.015,168750,0.00002997,5625000,0.001012,1.00E+09,0.00000474
554,450813,0.011,169055,0.0000296,5635163,0.001012,1.00E+09,0.00000474
555,451626,0.014,169360,0.00002925,5645325,0.001012,1.00E+09,0.00000473
556,452439,0.0095,169665,0.00002889,5655488,0.001012,1.00E+09,0.00000473
557,453252,0.0135,169970,0.00002854,5665650,0.001012,1.00E+09,0.00000472
558,454065,0.009,170274,0.0000282,5675813,0.001012,1.00E+09,0.00000471
559,454878,0.011,170579,0.00002785,5685976,0.001011,1.00E+09,0.00000471
560,455691,0.0155,170884,0.00002752,5696138,0.001011,1.00E+09,0.0000047
561,456504,0.0095,171189,0.00002718,5706301,0.001011,1.00E+09,0.0000047
562,457317,0.011,171494,0.00002685,5716463,0.001011,1.00E+09,0.00000469
563,458130,0.0115,171799,0.00002653,5726626,0.001011,1.00E+09,0.00000468
564,458943,0.012,172104,0.0000262,5736789,0.001011,1.00E+09,0.00000468
565,459756,0.01,172409,0.00002589,5746951,0.001011,1.00E+09,0.00000467
566,460569,0.015,172713,0.00002557,5757114,0.001011,1.00E+09,0.00000467
567,461382,0.0105,173018,0.00002526,5767276,0.00101,1.00E+09,0.00000466
568,462195,0.0085,173323,0.00002495,5777439,0.00101,1.00E+09,0.00000466
569,463008,0.0115,173628,0.00002465,5787602,0.00101,1.00E+09,0.00000465
570,463821,0.0105,173933,0.00002435,5797764,0.00101,1.00E+09,0.00000464
571,464634,0.008,174238,0.00002406,5807927,0.00101,1.00E+09,0.00000464
572,465447,0.012,174543,0.00002376,5818089,0.00101,1.00E+09,0.00000463
573,466260,0.012,174848,0.00002347,5828252,0.00101,1.00E+09,0.00000463
574,467073,0.014,175152,0.00002319,5838415,0.00101,1.00E+09,0.00000462
575,467886,0.014,175457,0.00002291,5848577,0.001009,1.00E+09,0.00000462
576,468699,0.009,175762,0.00002263,5858740,0.001009,1.00E+09,0.00000461
577,469512,0.011,176067,0.00002235,5868902,0.001009,1.00E+09,0.0000046
578,470325,0.0075,176372,0.00002208,5879065,0.001009,1.00E+09,0.0000046
579,471138,0.0085,176677,0.00002181,5889228,0.001009,1.00E+09,0.00000459
580,471951,0.0105,176982,0.00002155,5899390,0.001009,1.00E+09,0.00000459
581,472764,0.01,177287,0.00002128,5909553,0.001009,1.00E+09,0.00000458
582,473577,0.0095,177591,0.00002102,5919715,0.001009,1.00E+09,0.00000458
583,474390,0.013,177896,0.00002077,5929878,0.001008,1.00E+09,0.00000457
584,475203,0.006,178201,0.00002051,5940041,0.001008,1.00E+09,0.00000457
585,476016,0.0085,178506,0.00002026,5950203,0.001008,1.00E+09,0.00000456
586,476829,0.01,178811,0.00002002,5960366,0.001008,1.00E+09,0.00000455
587,477642,0.0065,179116,0.00001977,5970528,0.001008,1.00E+09,0.00000455
588,478455,0.0095,179421,0.00001953,5980691,0.001008,1.00E+09,0.00000454
589,479268,0.01,179726,0.00001929,5990854,0.001008,1.00E+09,0.00000454
590,480081,0.007,180030,0.00001906,6001016,0.001008,1.00E+09,0.00000453
591,480894,0.0075,180335,0.00001883,6011179,0.001007,1.00E+09,0.00000453
592,481707,0.0075,180640,0.0000186,6021341,0.001007,1.00E+09,0.00000452
593,482520,0.0105,180945,0.00001837,6031504,0.001007,1.00E+09,0.00000452
594,483333,0.008,181250,0.00001815,6041667,0.001007,1.00E+09,0.00000451
595,484146,0.0075,181555,0.00001793,6051829,0.001007,1.00E+09,0.00000451
596,484959,0.0085,181860,0.00001771,6061992,0.001007,1.00E+09,0.0000045
597,485772,0.0095,182165,0.00001749,6072154,0.001007,1.00E+09,0.0000045
598,486585,0.012,182470,0.00001728,6082317,0.001007,1.00E+09,0.00000449
599,487398,0.0135,182774,0.00001707,6092480,0.001007,1.00E+09,0.00000448
600,488211,0.0105,183079,0.00001686,6102642,0.001006,1.00E+09,0.00000448
601,489024,0.0085,183384,0.00001666,6112805,0.001006,1.00E+09,0.00000447
602,489837,0.009,183689,0.00001645,6122967,0.001006,1.00E+09,0.00000447
603,490650,0.004,183994,0.00001625,6133130,0.001006,1.00E+09,0.00000446
604,491463,0.0065,184299,0.00001606,6143293,0.001006,1.00E+09,0.00000446
605,492276,0.01,184604,0.00001586,6153455,0.001006,1.00E+09,0.00000445
606,493089,0.004,184909,0.00001567,6163618,0.001006,1.00E+09,0.00000445
607,493902,0.007,185213,0.00001548,6173780,0.001006,1.00E+09,0.00000444
608,494715,0.005,185518,0.00001529,6183943,0.001006,1.00E+09,0.00000444
609,495528,0.006,185823,0.0000151,6194106,0.001005,1.00E+09,0.00000443
610,496341,0.0075,186128,0.00001492,6204268,0.001005,1.00E+09,0.00000443
611,497154,0.007,186433,0.00001474,6214431,0.001005,1.00E+09,0.00000442
612,497967,0.006,186738,0.00001456,6224593,0.001005,1.00E+09,0.00000442
613,498780,0.007,187043,0.00001438,6234756,0.001005,1.00E+09,0.00000441
614,499593,0.008,187348,0.00001421,6244919,0.001005,1.00E+09,0.00000441
615,500407,0.0075,187652,0.00001404,6255081,0.001005,1.00E+09,0.0000044
616,501220,0.007,187957,0.00001387,6265244,0.001005,1.00E+09,0.0000044
617,502033,0.007,188262,0.0000137,6275407,0.001005,1.00E+09,0.00000439
618,502846,0.0095,188567,0.00001353,6285569,0.001004,1.00E+09,0.00000439
619,503659,0.008,188872,0.00001337,6295732,0.001004,1.00E+09,0.00000438
620,504472,0.0075,189177,0.00001321,6305894,0.001004,1.00E+09,0.00000438
621,505285,0.0075,189482,0.00001305,6316057,0.001004,1.00E+09,0.00000437
622,506098,0.0065,189787,0.00001289,6326220,0.001004,1.00E+09,0.00000437
623,506911,0.0075,190091,0.00001273,6336382,0.001004,1.00E+09,0.00000436
624,507724,0.009,190396,0.00001258,6346545,0.001004,1.00E+09,0.00000435
625,508537,0.009,190701,0.00001243,6356707,0.001004,1.00E+09,0.00000435
626,509350,0.005,191006,0.00001228,6366870,0.001004,1.00E+09,0.00000434
627,510163,0.0055,191311,0.00001213,6377033,0.001003,1.00E+09,0.00000434
628,510976,0.0055,191616,0.00001198,6387195,0.001003,1.00E+09,0.00000433
629,511789,0.0075,191921,0.00001184,6397358,0.001003,1.00E+09,0.00000433
630,512602,0.0045,192226,0.00001169,6407520,0.001003,1.00E+09,0.00000432
631,513415,0.0075,192530,0.00001155,6417683,0.001003,1.00E+09,0.00000432
632,514228,0.006,192835,0.00001141,6427846,0.001003,1.00E+09,0.00000432
633,515041,0.002,193140,0.00001128,6438008,0.001003,1.00E+09,0.00000431
634,515854,0.0025,193445,0.00001114,6448171,0.001003,1.00E+09,0.00000431
635,516667,0.004,193750,0.00001101,6458333,0.001003,1.00E+09,0.0000043
636,517480,0.0085,194055,0.00001087,6468496,0.001002,1.00E+09,0.0000043
637,518293,0.0095,194360,0.00001074,6478659,0.001002,1.00E+09,0.00000429
638,519106,0.007,194665,0.00001061,6488821,0.001002,1.00E+09,0.00000429
639,519919,0.0055,194970,0.00001049,6498984,0.001002,1.00E+09,0.00000428
640,520732,0.005,195274,0.00001036,6509146,0.001002,1.00E+09,0.00000428
641,521545,0.0045,195579,0.00001024,6519309,0.001002,1.00E+09,0.00000427
642,522358,0.006,195884,0.00001011,6529472,0.001002,1.00E+09,0.00000427
643,523171,0.008,196189,0.00000999,6539634,0.001002,1.00E+09,0.00000426
644,523984,0.007,196494,0.00000987,6549797,0.001002,1.00E+09,0.00000426
645,524797,0.005,196799,0.00000976,6559959,0.001002,1.00E+09,0.00000425
646,525610,0.008,197104,0.00000964,6570122,0.001001,1.00E+09,0.00000425
647,526423,0.0035,197409,0.00000952,6580285,0.001001,1.00E+09,0.00000424
648,527236,0.009,197713,0.00000941,6590447,0.001001,1.00E+09,0.00000424
649,528049,0.0065,198018,0.0000093,6600610,0.001001,1.00E+09,0.00000423
650,528862,0.0045,198323,0.00000919,6610772,0.001001,1.00E+09,0.00000423
651,529675,0.0035,198628,0.00000908,6620935,0.001001,1.00E+09,0.00000422
652,530488,0.0035,198933,0.00000897,6631098,0.001001,1.00E+09,0.00000422
653,531301,0.0065,199238,0.00000886,6641260,0.001001,1.00E+09,0.00000421
654,532114,0.01,199543,0.00000876,6651423,0.001001,1.00E+09,0.00000421
655,532927,0.0045,199848,0.00000865,6661585,0.001001,1.00E+09,0.0000042
656,533740,0.0065,200152,0.00000855,6671748,0.001,1.00E+09,0.0000042
657,534553,0.005,200457,0.00000845,6681911,0.001,1.00E+09,0.00000419
658,535366,0.0065,200762,0.00000835,6692073,0.001,1.00E+09,0.00000419
659,536179,0.006,201067,0.00000825,6702236,0.001,1.00E+09,0.00000418
660,536992,0.007,201372,0.00000815,6712398,0.001,1.00E+09,0.00000418
661,537805,0.005,201677,0.00000805,6722561,0.0009999,1.00E+09,0.00000418
662,538618,0.007,201982,0.00000796,6732724,0.0009998,1.00E+09,0.00000417
663,539431,0.0055,202287,0.00000786,6742886,0.0009997,1.00E+09,0.00000417
664,540244,0.0035,202591,0.00000777,6753049,0.0009996,1.00E+09,0.00000416
665,541057,0.0035,202896,0.00000768,6763211,0.0009995,1.00E+09,0.00000416
666,541870,0.007,203201,0.00000759,6773374,0.0009994,1.00E+09,0.00000415
667,542683,0.006,203506,0.0000075,6783537,0.0009993,1.00E+09,0.00000415
668,543496,0.002,203811,0.00000741,6793699,0.0009992,1.00E+09,0.00000414
669,544309,0.0075,204116,0.00000732,6803862,0.0009991,1.00E+09,0.00000414
670,545122,0.0055,204421,0.00000724,6814024,0.000999,1.00E+09,0.00000413
671,545935,0.004,204726,0.00000715,6824187,0.0009989,1.00E+09,0.00000413
672,546748,0.003,205030,0.00000707,6834350,0.0009988,1.00E+09,0.00000412
673,547561,0.008,205335,0.00000698,6844512,0.0009988,1.00E+09,0.00000412
674,548374,0.006,205640,0.0000069,6854675,0.0009987,1.00E+09,0.00000412
675,549187,0.0025,205945,0.00000682,6864837,0.0009986,1.00E+09,0.00000411
676,550000,0.0055,206250,0.00000674,6875000,0.0009985,1.00E+09,0.00000411
677,550813,0.004,206555,0.00000666,6885163,0.0009984,1.00E+09,0.0000041
678,551626,0.0055,206860,0.00000658,6895325,0.0009983,1.00E+09,0.0000041
679,552439,0.0055,207165,0.00000651,6905488,0.0009982,1.00E+09,0.00000409
680,553252,0.0045,207470,0.00000643,6915650,0.0009981,1.00E+09,0.00000409
681,554065,0.002,207774,0.00000636,6925813,0.000998,1.00E+09,0.00000408
682,554878,0.005,208079,0.00000628,6935976,0.0009979,1.00E+09,0.00000408
683,555691,0.0055,208384,0.00000621,6946138,0.0009978,1.00E+09,0.00000408
684,556504,0.0045,208689,0.00000614,6956301,0.0009977,1.00E+09,0.00000407
685,557317,0.003,208994,0.00000606,6966463,0.0009976,1.00E+09,0.00000407
686,558130,0.004,209299,0.00000599,6976626,0.0009975,1.00E+09,0.00000406
687,558943,0.0025,209604,0.00000592,6986789,0.0009974,1.00E+09,0.00000406
688,559756,0.0035,209909,0.00000586,6996951,0.0009973,1.00E+09,0.00000405
689,560569,0.005,210213,0.00000579,7007114,0.0009972,1.00E+09,0.00000405
690,561382,0.0035,210518,0.00000572,7017276,0.0009971,1.00E+09,0.00000404
691,562195,0.0025,210823,0.00000565,7027439,0.0009971,1.00E+09,0.00000404
692,563008,0.004,211128,0.00000559,7037602,0.000997,1.00E+09,0.00000404
693,563821,0.0035,211433,0.00000552,7047764,0.0009969,1.00E+09,0.00000403
694,564634,0.004,211738,0.00000546,7057927,0.0009968,1.00E+09,0.00000403
695,565447,0.0035,212043,0.0000054,7068089,0.0009967,1.00E+09,0.00000402
696,566260,0.0075,212348,0.00000533,7078252,0.0009966,1.00E+09,0.00000402
697,567073,0.001,212652,0.00000527,7088415,0.0009965,1.00E+09,0.00000401
698,567886,0.0045,212957,0.00000521,7098577,0.0009964,1.00E+09,0.00000401
699,568699,0.004,213262,0.00000515,7108740,0.0009963,1.00E+09,0.00000401
700,569512,0.005,213567,0.00000509,7118902,0.0009962,1.00E+09,0.000004
701,570325,0.005,213872,0.00000503,7129065,0.0009961,1.00E+09,0.000004
702,571138,0.0045,214177,0.00000497,7139228,0.000996,1.00E+09,0.00000399
703,571951,0.003,214482,0.00000492,7149390,0.000996,1.00E+09,0.00000399
704,572764,0.005,214787,0.00000486,7159553,0.0009959,1.00E+09,0.00000398
705,573577,0.0035,215091,0.0000048,7169715,0.0009958,1.00E+09,0.00000398
706,574390,0.003,215396,0.00000475,7179878,0.0009957,1.00E+09,0.00000398
707,575203,0.003,215701,0.0000047,7190041,0.0009956,1.00E+09,0.00000397
708,576016,0.0045,216006,0.00000464,7200203,0.0009955,1.00E+09,0.00000397
709,576829,0.004,216311,0.00000459,7210366,0.0009954,1.00E+09,0.00000396
710,577642,0.0015,216616,0.00000454,7220528,0.0009953,1.00E+09,0.00000396
711,578455,0.002,216921,0.00000448,7230691,0.0009952,1.00E+09,0.00000395
712,579268,0.0035,217226,0.00000443,7240854,0.0009952,1.00E+09,0.00000395
713,580081,0.0025,217530,0.00000438,7251016,0.0009951,1.00E+09,0.00000395
714,580894,0.0025,217835,0.00000433,7261179,0.000995,1.00E+09,0.00000394
715,581707,0.003,218140,0.00000428,7271341,0.0009949,1.00E+09,0.00000394
716,582520,0.003,218445,0.00000423,7281504,0.0009948,1.00E+09,0.00000393
717,583333,0.0025,218750,0.00000418,7291667,0.0009947,1.00E+09,0.00000393
718,584146,0.0025,219055,0.00000414,7301829,0.0009946,1.00E+09,0.00000393
719,584959,0.003,219360,0.00000409,7311992,0.0009945,1.00E+09,0.00000392
720,585772,0.0015,219665,0.00000404,7322154,0.0009945,1.00E+09,0.00000392
721,586585,0.0035,219970,0.000004,7332317,0.0009944,1.00E+09,0.00000391
722,587398,0.0025,220274,0.00000395,7342480,0.0009943,1.00E+09,0.00000391
723,588211,0.003,220579,0.00000391,7352642,0.0009942,1.00E+09,0.0000039
724,589024,0.004,220884,0.00000386,7362805,0.0009941,1.00E+09,0.0000039
725,589837,0.0045,221189,0.00000382,7372967,0.000994,1.00E+09,0.0000039
726,590650,0.004,221494,0.00000378,7383130,0.0009939,1.00E+09,0.00000389
727,591463,0.0015,221799,0.00000373,7393293,0.0009939,1.00E+09,0.00000389
728,592276,0.0035,222104,0.00000369,7403455,0.0009938,1.00E+09,0.00000388
729,593089,0.0005,222409,0.00000365,7413618,0.0009937,1.00E+09,0.00000388
730,593902,0.0055,222713,0.00000361,7423780,0.0009936,1.00E+09,0.00000388
731,594715,0.002,223018,0.00000357,7433943,0.0009935,1.00E+09,0.00000387
732,595528,0.004,223323,0.00000353,7444106,0.0009934,1.00E+09,0.00000387
733,596341,0.0025,223628,0.00000349,7454268,0.0009934,1.00E+09,0.00000386
734,597154,0.003,223933,0.00000345,7464431,0.0009933,1.00E+09,0.00000386
735,597967,0.003,224238,0.00000341,7474593,0.0009932,1.00E+09,0.00000386
736,598780,0.003,224543,0.00000337,7484756,0.0009931,1.00E+09,0.00000385
737,599593,0.002,224848,0.00000333,7494919,0.000993,1.00E+09,0.00000385
738,600407,0.0005,225152,0.00000329,7505081,0.0009929,2.00E+09,0.00000384
739,601220,0.002,225457,0.00000326,7515244,0.0009929,2.00E+09,0.00000384
740,602033,0.003,225762,0.00000322,7525407,0.0009928,2.00E+09,0.00000384
741,602846,0.0055,226067,0.00000318,7535569,0.0009927,2.00E+09,0.00000383
742,603659,0.0055,226372,0.00000315,7545732,0.0009926,2.00E+09,0.00000383
743,604472,0.0025,226677,0.00000311,7555894,0.0009925,2.00E+09,0.00000382
744,605285,0.002,226982,0.00000308,7566057,0.0009924,2.00E+09,0.00000382
745,606098,0.003,227287,0.00000304,7576220,0.0009924,2.00E+09,0.00000382
746,606911,0.004,227591,0.00000301,7586382,0.0009923,2.00E+09,0.00000381
747,607724,0.002,227896,0.00000298,7596545,0.0009922,2.00E+09,0.00000381
748,608537,0.003,228201,0.00000294,7606707,0.0009921,2.00E+09,0.0000038
749,609350,0.002,228506,0.00000291,7616870,0.000992,2.00E+09,0.0000038
750,610163,0.003,228811,0.00000288,7627033,0.000992,2.00E+09,0.0000038
751,610976,0.004,229116,0.00000284,7637195,0.0009919,2.00E+09,0.00000379
752,611789,0.001,229421,0.00000281,7647358,0.0009918,2.00E+09,0.00000379
753,612602,0.003,229726,0.00000278,7657520,0.0009917,2.00E+09,0.00000379
754,613415,0.002,230030,0.00000275,7667683,0.0009916,2.00E+09,0.00000378
755,614228,0.003,230335,0.00000272,7677846,0.0009916,2.00E+09,0.00000378
756,615041,0.0025,230640,0.00000269,7688008,0.0009915,2.00E+09,0.00000377
757,615854,0.0015,230945,0.00000266,7698171,0.0009914,2.00E+09,0.00000377
758,616667,0.0015,231250,0.00000263,7708333,0.0009913,2.00E+09,0.00000377
759,617480,0.002,231555,0.0000026,7718496,0.0009912,2.00E+09,0.00000376
760,618293,0.0025,231860,0.00000257,7728659,0.0009912,2.00E+09,0.00000376
761,619106,0.004,232165,0.00000254,7738821,0.0009911,2.00E+09,0.00000375
762,619919,0.003,232470,0.00000251,7748984,0.000991,2.00E+09,0.00000375
763,620732,0.005,232774,0.00000249,7759146,0.0009909,2.00E+09,0.00000375
764,621545,0.004,233079,0.00000246,7769309,0.0009908,2.00E+09,0.00000374
765,622358,0.0015,233384,0.00000243,7779472,0.0009908,2.00E+09,0.00000374
766,623171,0.0025,233689,0.0000024,7789634,0.0009907,2.00E+09,0.00000374
767,623984,0.0015,233994,0.00000238,7799797,0.0009906,2.00E+09,0.00000373
768,624797,0.0025,234299,0.00000235,7809959,0.0009905,2.00E+09,0.00000373
769,625610,0.0025,234604,0.00000233,7820122,0.0009905,2.00E+09,0.00000372
770,626423,0.0025,234909,0.0000023,7830285,0.0009904,2.00E+09,0.00000372
771,627236,0.006,235213,0.00000227,7840447,0.0009903,2.00E+09,0.00000372
772,628049,0.002,235518,0.00000225,7850610,0.0009902,2.00E+09,0.00000371
773,628862,0.0025,235823,0.00000222,7860772,0.0009901,2.00E+09,0.00000371
774,629675,0.001,236128,0.0000022,7870935,0.0009901,2.00E+09,0.00000371
775,630488,0.002,236433,0.00000218,7881098,0.00099,2.00E+09,0.0000037
776,631301,0.002,236738,0.00000215,7891260,0.0009899,2.00E+09,0.0000037
777,632114,0.0025,237043,0.00000213,7901423,0.0009898,2.00E+09,0.00000369
778,632927,0.0015,237348,0.0000021,7911585,0.0009898,2.00E+09,0.00000369
779,633740,0.001,237652,0.00000208,7921748,0.0009897,2.00E+09,0.00000369
780,634553,0.002,237957,0.00000206,7931911,0.0009896,2.00E+09,0.00000368
781,635366,0.004,238262,0.00000204,7942073,0.0009895,2.00E+09,0.00000368
782,636179,0.0025,238567,0.00000201,7952236,0.0009895,2.00E+09,0.00000368
783,636992,0.0025,238872,0.00000199,7962398,0.0009894,2.00E+09,0.00000367
784,637805,0.0015,239177,0.00000197,7972561,0.0009893,2.00E+09,0.00000367
785,638618,0.002,239482,0.00000195,7982724,0.0009892,2.00E+09,0.00000367
786,639431,0.0035,239787,0.00000193,7992886,0.0009892,2.00E+09,0.00000366
787,640244,0.0005,240091,0.0000019,8003049,0.0009891,2.00E+09,0.00000366
788,641057,0.002,240396,0.00000188,8013211,0.000989,2.00E+09,0.00000365
789,641870,0.002,240701,0.00000186,8023374,0.0009889,2.00E+09,0.00000365
790,642683,0.0025,241006,0.00000184,8033537,0.0009889,2.00E+09,0.00000365
791,643496,0.002,241311,0.00000182,8043699,0.0009888,2.00E+09,0.00000364
792,644309,0.0015,241616,0.0000018,8053862,0.0009887,2.00E+09,0.00000364
793,645122,0.0025,241921,0.00000178,8064024,0.0009886,2.00E+09,0.00000364
794,645935,0.0015,242226,0.00000176,8074187,0.0009886,2.00E+09,0.00000363
795,646748,0.002,242530,0.00000174,8084350,0.0009885,2.00E+09,0.00000363
796,647561,0.003,242835,0.00000172,8094512,0.0009884,2.00E+09,0.00000363
797,648374,0.002,243140,0.00000171,8104675,0.0009884,2.00E+09,0.00000362
798,649187,0.0005,243445,0.00000169,8114837,0.0009883,2.00E+09,0.00000362
799,650000,0.0025,243750,0.00000167,8125000,0.0009882,2.00E+09,0.00000362
800,650813,0.0025,244055,0.00000165,8135163,0.0009881,2.00E+09,0.00000361
801,651626,0.0035,244360,0.00000163,8145325,0.0009881,2.00E+09,0.00000361
802,652439,0.0015,244665,0.00000161,8155488,0.000988,2.00E+09,0.0000036
803,653252,0.0045,244970,0.0000016,8165650,0.0009879,2.00E+09,0.0000036
804,654065,0.003,245274,0.00000158,8175813,0.0009878,2.00E+09,0.0000036
805,654878,0.0025,245579,0.00000156,8185976,0.0009878,2.00E+09,0.00000359
806,655691,0.001,245884,0.00000154,8196138,0.0009877,2.00E+09,0.00000359
807,656504,0.003,246189,0.00000153,8206301,0.0009876,2.00E+09,0.00000359
808,657317,0.0015,246494,0.00000151,8216463,0.0009876,2.00E+09,0.00000358
809,658130,0,246799,0.00000149,8226626,0.0009875,2.00E+09,0.00000358
810,658943,0.002,247104,0.00000148,8236789,0.0009874,2.00E+09,0.00000358
811,659756,0.0015,247409,0.00000146,8246951,0.0009874,2.00E+09,0.00000357
812,660569,0.0015,247713,0.00000145,8257114,0.0009873,2.00E+09,0.00000357
813,661382,0.002,248018,0.00000143,8267276,0.0009872,2.00E+09,0.00000357
814,662195,0.0005,248323,0.00000141,8277439,0.0009871,2.00E+09,0.00000356
815,663008,0.002,248628,0.0000014,8287602,0.0009871,2.00E+09,0.00000356
816,663821,0.002,248933,0.00000138,8297764,0.000987,2.00E+09,0.00000356
817,664634,0.0015,249238,0.00000137,8307927,0.0009869,2.00E+09,0.00000355
818,665447,0.002,249543,0.00000135,8318089,0.0009869,2.00E+09,0.00000355
819,666260,0.003,249848,0.00000134,8328252,0.0009868,2.00E+09,0.00000355
820,667073,0.003,250152,0.00000133,8338415,0.0009867,2.00E+09,0.00000354
821,667886,0.002,250457,0.00000131,8348577,0.0009867,2.00E+09,0.00000354
822,668699,0.002,250762,0.0000013,8358740,0.0009866,2.00E+09,0.00000354
823,669512,0.0015,251067,0.00000128,8368902,0.0009865,2.00E+09,0.00000353
824,670325,0.0035,251372,0.00000127,8379065,0.0009864,2.00E+09,0.00000353
825,671138,0.002,251677,0.00000125,8389228,0.0009864,2.00E+09,0.00000353
826,671951,0.0005,251982,0.00000124,8399390,0.0009863,2.00E+09,0.00000352
827,672764,0.0005,252287,0.00000123,8409553,0.0009862,2.00E+09,0.00000352
828,673577,0.0025,252591,0.00000121,8419715,0.0009862,2.00E+09,0.00000352
829,674390,0.001,252896,0.0000012,8429878,0.0009861,2.00E+09,0.00000351
830,675203,0.0025,253201,0.00000119,8440041,0.000986,2.00E+09,0.00000351
831,676016,0.0025,253506,0.00000118,8450203,0.000986,2.00E+09,0.00000351
832,676829,0.003,253811,0.00000116,8460366,0.0009859,2.00E+09,0.0000035
833,677642,0.0025,254116,0.00000115,8470528,0.0009858,2.00E+09,0.0000035
834,678455,0.002,254421,0.00000114,8480691,0.0009858,2.00E+09,0.0000035
835,679268,0,254726,0.00000113,8490854,0.0009857,2.00E+09,0.00000349
836,680081,0.002,255030,0.00000111,8501016,0.0009856,2.00E+09,0.00000349
837,680894,0.0015,255335,0.0000011,8511179,0.0009856,2.00E+09,0.00000349
838,681707,0.002,255640,0.00000109,8521341,0.0009855,2.00E+09,0.00000348
839,682520,0.002,255945,0.00000108,8531504,0.0009854,2.00E+09,0.00000348
840,683333,0.001,256250,0.00000107,8541667,0.0009854,2.00E+09,0.00000348
841,684146,0.0015,256555,0.00000105,8551829,0.0009853,2.00E+09,0.00000347
842,684959,0.002,256860,0.00000104,8561992,0.0009852,2.00E+09,0.00000347
843,685772,0.001,257165,0.00000103,8572154,0.0009852,2.00E+09,0.00000347
844,686585,0.0015,257470,0.00000102,8582317,0.0009851,2.00E+09,0.00000346
845,687398,0.0015,257774,0.00000101,8592480,0.000985,2.00E+09,0.00000346
846,688211,0.001,258079,0.000001,8602642,0.000985,2.00E+09,0.00000346
847,689024,0.0005,258384,0.00000099,8612805,0.0009849,2.00E+09,0.00000345
848,689837,0.003,258689,0.00000098,8622967,0.0009848,2.00E+09,0.00000345
849,690650,0.001,258994,0.00000097,8633130,0.0009848,2.00E+09,0.00000345
850,691463,0.002,259299,0.00000096,8643293,0.0009847,2.00E+09,0.00000344
851,692276,0.0025,259604,0.00000095,8653455,0.0009846,2.00E+09,0.00000344
852,693089,0.0005,259909,0.00000094,8663618,0.0009846,2.00E+09,0.00000344
853,693902,0.002,260213,0.00000093,8673780,0.0009845,2.00E+09,0.00000343
854,694715,0.0035,260518,0.00000092,8683943,0.0009845,2.00E+09,0.00000343
855,695528,0.0025,260823,0.00000091,8694106,0.0009844,2.00E+09,0.00000343
856,696341,0.0005,261128,0.0000009,8704268,0.0009843,2.00E+09,0.00000342
857,697154,0.0015,261433,0.00000089,8714431,0.0009843,2.00E+09,0.00000342
858,697967,0.001,261738,0.00000088,8724593,0.0009842,2.00E+09,0.00000342
859,698780,0.001,262043,0.00000087,8734756,0.0009841,2.00E+09,0.00000341
860,699593,0.0005,262348,0.00000086,8744919,0.0009841,2.00E+09,0.00000341
861,700407,0.001,262652,0.00000085,8755081,0.000984,2.00E+09,0.00000341
862,701220,0.0015,262957,0.00000084,8765244,0.0009839,2.00E+09,0.00000341
863,702033,0.002,263262,0.00000083,8775407,0.0009839,2.00E+09,0.0000034
864,702846,0.001,263567,0.00000082,8785569,0.0009838,2.00E+09,0.0000034
865,703659,0.002,263872,0.00000081,8795732,0.0009838,2.00E+09,0.0000034
866,704472,0.0015,264177,0.0000008,8805894,0.0009837,2.00E+09,0.00000339
867,705285,0.002,264482,0.0000008,8816057,0.0009836,2.00E+09,0.00000339
868,706098,0.0005,264787,0.00000079,8826220,0.0009836,2.00E+09,0.00000339
869,706911,0.0015,265091,0.00000078,8836382,0.0009835,2.00E+09,0.00000338
870,707724,0.001,265396,0.00000077,8846545,0.0009834,2.00E+09,0.00000338
871,708537,0.0005,265701,0.00000076,8856707,0.0009834,2.00E+09,0.00000338
872,709350,0.0025,266006,0.00000075,8866870,0.0009833,2.00E+09,0.00000337
873,710163,0.0005,266311,0.00000075,8877033,0.0009833,2.00E+09,0.00000337
874,710976,0.0015,266616,0.00000074,8887195,0.0009832,2.00E+09,0.00000337
875,711789,0.001,266921,0.00000073,8897358,0.0009831,2.00E+09,0.00000336
876,712602,0.0005,267226,0.00000072,8907520,0.0009831,2.00E+09,0.00000336
877,713415,0.003,267530,0.00000071,8917683,0.000983,2.00E+09,0.00000336
878,714228,0.0015,267835,0.00000071,8927846,0.0009829,2.00E+09,0.00000336
879,715041,0.0005,268140,0.0000007,8938008,0.0009829,2.00E+09,0.00000335
880,715854,0.0015,268445,0.00000069,8948171,0.0009828,2.00E+09,0.00000335
881,716667,0.001,268750,0.00000068,8958333,0.0009828,2.00E+09,0.00000335
882,717480,0.0005,269055,0.00000068,8968496,0.0009827,2.00E+09,0.00000334
883,718293,0.0015,269360,0.00000067,8978659,0.0009826,2.00E+09,0.00000334
884,719106,0.001,269665,0.00000066,8988821,0.0009826,2.00E+09,0.00000334
885,719919,0.0025,269970,0.00000066,8998984,0.0009825,2.00E+09,0.00000333
886,720732,0.0015,270274,0.00000065,9009146,0.0009825,2.00E+09,0.00000333
887,721545,0.0005,270579,0.00000064,9019309,0.0009824,2.00E+09,0.00000333
888,722358,0.003,270884,0.00000063,9029472,0.0009823,2.00E+09,0.00000333
889,723171,0.001,271189,0.00000063,9039634,0.0009823,2.00E+09,0.00000332
890,723984,0.0005,271494,0.00000062,9049797,0.0009822,2.00E+09,0.00000332
891,724797,0.002,271799,0.00000061,9059959,0.0009822,2.00E+09,0.00000332
892,725610,0.0005,272104,0.00000061,9070122,0.0009821,2.00E+09,0.00000331
893,726423,0.003,272409,0.0000006,9080285,0.000982,2.00E+09,0.00000331
894,727236,0.0025,272713,0.00000059,9090447,0.000982,2.00E+09,0.00000331
895,728049,0.001,273018,0.00000059,9100610,0.0009819,2.00E+09,0.0000033
896,728862,0.0005,273323,0.00000058,9110772,0.0009819,2.00E+09,0.0000033
897,729675,0.0005,273628,0.00000058,9120935,0.0009818,2.00E+09,0.0000033
898,730488,0.001,273933,0.00000057,9131098,0.0009817,2.00E+09,0.0000033
899,731301,0.0005,274238,0.00000056,9141260,0.0009817,2.00E+09,0.00000329
900,732114,0.0005,274543,0.00000056,9151423,0.0009816,2.00E+09,0.00000329
901,732927,0.0015,274848,0.00000055,9161585,0.0009816,2.00E+09,0.00000329
902,733740,0.001,275152,0.00000055,9171748,0.0009815,2.00E+09,0.00000328
903,734553,0.0005,275457,0.00000054,9181911,0.0009815,2.00E+09,0.00000328
904,735366,0.001,275762,0.00000053,9192073,0.0009814,2.00E+09,0.00000328
905,736179,0.002,276067,0.00000053,9202236,0.0009813,2.00E+09,0.00000327
906,736992,0.002,276372,0.00000052,9212398,0.0009813,2.00E+09,0.00000327
907,737805,0.0005,276677,0.00000052,9222561,0.0009812,2.00E+09,0.00000327
908,738618,0.0005,276982,0.00000051,9232724,0.0009812,2.00E+09,0.00000327
909,739431,0.0005,277287,0.00000051,9242886,0.0009811,2.00E+09,0.00000326
910,740244,0.0035,277591,0.0000005,9253049,0.0009811,2.00E+09,0.00000326
911,741057,0.001,277896,0.0000005,9263211,0.000981,2.00E+09,0.00000326
912,741870,0.001,278201,0.00000049,9273374,0.0009809,2.00E+09,0.00000325
913,742683,0.0015,278506,0.00000049,9283537,0.0009809,2.00E+09,0.00000325
914,743496,0,278811,0.00000048,9293699,0.0009808,2.00E+09,0.00000325
915,744309,0.0015,279116,0.00000048,9303862,0.0009808,2.00E+09,0.00000325
916,745122,0.001,279421,0.00000047,9314024,0.0009807,2.00E+09,0.00000324
917,745935,0.0005,279726,0.00000047,9324187,0.0009807,2.00E+09,0.00000324
918,746748,0.0005,280030,0.00000046,9334350,0.0009806,2.00E+09,0.00000324
919,747561,0.001,280335,0.00000046,9344512,0.0009805,2.00E+09,0.00000323
920,748374,0.0005,280640,0.00000045,9354675,0.0009805,2.00E+09,0.00000323
921,749187,0.0005,280945,0.00000045,9364837,0.0009804,2.00E+09,0.00000323
922,750000,0.001,281250,0.00000044,9375000,0.0009804,2.00E+09,0.00000323
923,750813,0.0015,281555,0.00000044,9385163,0.0009803,2.00E+09,0.00000322
924,751626,0.0015,281860,0.00000043,9395325,0.0009803,2.00E+09,0.00000322
925,752439,0.0015,282165,0.00000043,9405488,0.0009802,2.00E+09,0.00000322
926,753252,0.0005,282470,0.00000042,9415650,0.0009801,2.00E+09,0.00000321
927,754065,0,282774,0.00000042,9425813,0.0009801,2.00E+09,0.00000321
928,754878,0.0005,283079,0.00000041,9435976,0.00098,2.00E+09,0.00000321
929,755691,0.0025,283384,0.00000041,9446138,0.00098,2.00E+09,0.00000321
930,756504,0.001,283689,0.00000041,9456301,0.0009799,2.00E+09,0.0000032
931,757317,0.0005,283994,0.0000004,9466463,0.0009799,2.00E+09,0.0000032
932,758130,0.0015,284299,0.0000004,9476626,0.0009798,2.00E+09,0.0000032
933,758943,0.0015,284604,0.00000039,9486789,0.0009798,2.00E+09,0.0000032
934,759756,0.001,284909,0.00000039,9496951,0.0009797,2.00E+09,0.00000319
935,760569,0.0015,285213,0.00000038,9507114,0.0009797,2.00E+09,0.00000319
936,761382,0.002,285518,0.00000038,9517276,0.0009796,2.00E+09,0.00000319
937,762195,0.0005,285823,0.00000038,9527439,0.0009795,2.00E+09,0.00000318
938,763008,0.0005,286128,0.00000037,9537602,0.0009795,2.00E+09,0.00000318
939,763821,0.002,286433,0.00000037,9547764,0.0009794,2.00E+09,0.00000318
940,764634,0.0005,286738,0.00000036,9557927,0.0009794,2.00E+09,0.00000318
941,765447,0.0005,287043,0.00000036,9568089,0.0009793,2.00E+09,0.00000317
942,766260,0.0015,287348,0.00000036,9578252,0.0009793,2.00E+09,0.00000317
943,767073,0,287652,0.00000035,9588415,0.0009792,2.00E+09,0.00000317
944,767886,0.002,287957,0.00000035,9598577,0.0009792,2.00E+09,0.00000316
945,768699,0.0015,288262,0.00000035,9608740,0.0009791,2.00E+09,0.00000316
946,769512,0.0005,288567,0.00000034,9618902,0.0009791,2.00E+09,0.00000316
947,770325,0.001,288872,0.00000034,9629065,0.000979,2.00E+09,0.00000316
948,771138,0.001,289177,0.00000033,9639228,0.000979,2.00E+09,0.00000315
949,771951,0.0005,289482,0.00000033,9649390,0.0009789,2.00E+09,0.00000315
950,772764,0.001,289787,0.00000033,9659553,0.0009788,2.00E+09,0.00000315
951,773577,0.001,290091,0.00000032,9669715,0.0009788,2.00E+09,0.00000315
952,774390,0.0005,290396,0.00000032,9679878,0.0009787,2.00E+09,0.00000314
953,775203,0.001,290701,0.00000032,9690041,0.0009787,2.00E+09,0.00000314
954,776016,0.0015,291006,0.00000031,9700203,0.0009786,2.00E+09,0.00000314
955,776829,0.0025,291311,0.00000031,9710366,0.0009786,2.00E+09,0.00000314
956,777642,0.002,291616,0.00000031,9720528,0.0009785,2.00E+09,0.00000313
957,778455,0,291921,0.0000003,9730691,0.0009785,2.00E+09,0.00000313
958,779268,0.001,292226,0.0000003,9740854,0.0009784,2.00E+09,0.00000313
959,780081,0.002,292530,0.0000003,9751016,0.0009784,2.00E+09,0.00000312
960,780894,0.0025,292835,0.0000003,9761179,0.0009783,2.00E+09,0.00000312
961,781707,0.001,293140,0.00000029,9771341,0.0009783,2.00E+09,0.00000312
962,782520,0.001,293445,0.00000029,9781504,0.0009782,2.00E+09,0.00000312
963,783333,0.0005,293750,0.00000029,9791667,0.0009782,2.00E+09,0.00000311
964,784146,0.001,294055,0.00000028,9801829,0.0009781,2.00E+09,0.00000311
965,784959,0.0005,294360,0.00000028,9811992,0.0009781,2.00E+09,0.00000311
966,785772,0.0005,294665,0.00000028,9822154,0.000978,2.00E+09,0.00000311
967,786585,0.001,294970,0.00000027,9832317,0.000978,2.00E+09,0.0000031
968,787398,0.0005,295274,0.00000027,9842480,0.0009779,2.00E+09,0.0000031
969,788211,0.0005,295579,0.00000027,9852642,0.0009779,2.00E+09,0.0000031
970,789024,0.0005,295884,0.00000027,9862805,0.0009778,2.00E+09,0.0000031
971,789837,0.001,296189,0.00000026,9872967,0.0009778,2.00E+09,0.00000309
972,790650,0.001,296494,0.00000026,9883130,0.0009777,2.00E+09,0.00000309
973,791463,0,296799,0.00000026,9893293,0.0009777,2.00E+09,0.00000309
974,792276,0,297104,0.00000025,9903455,0.0009776,2.00E+09,0.00000309
975,793089,0.0015,297409,0.00000025,9913618,0.0009776,2.00E+09,0.00000308
976,793902,0.001,297713,0.00000025,9923780,0.0009775,2.00E+09,0.00000308
977,794715,0,298018,0.00000025,9933943,0.0009775,2.00E+09,0.00000308
978,795528,0.001,298323,0.00000024,9944106,0.0009774,2.00E+09,0.00000307
979,796341,0.003,298628,0.00000024,9954268,0.0009774,2.00E+09,0.00000307
980,797154,0.001,298933,0.00000024,9964431,0.0009773,2.00E+09,0.00000307
981,797967,0.0005,299238,0.00000024,9974593,0.0009772,2.00E+09,0.00000307
982,798780,0.001,299543,0.00000023,9984756,0.0009772,2.00E+09,0.00000306
983,799593,0.0005,299848,0.00000023,9994919,0.0009772,2.00E+09,0.00000306
984,800407,0.0015,300152,0.00000023,10005081,0.0009771,2.00E+09,0.00000306
985,801220,0.001,300457,0.00000023,10015244,0.0009771,2.00E+09,0.00000306
986,802033,0.0005,300762,0.00000022,10025407,0.000977,2.00E+09,0.00000305
987,802846,0.001,301067,0.00000022,10035569,0.000977,2.00E+09,0.00000305
988,803659,0.0015,301372,0.00000022,10045732,0.0009769,2.00E+09,0.00000305
989,804472,0.001,301677,0.00000022,10055894,0.0009769,2.00E+09,0.00000305
990,805285,0.0015,301982,0.00000022,10066057,0.0009768,2.00E+09,0.00000304
991,806098,0.0005,302287,0.00000021,10076220,0.0009768,2.00E+09,0.00000304
992,806911,0.004,302591,0.00000021,10086382,0.0009767,2.00E+09,0.00000304
993,807724,0.0015,302896,0.00000021,10096545,0.0009767,2.00E+09,0.00000304
994,808537,0,303201,0.00000021,10106707,0.0009766,2.00E+09,0.00000303
995,809350,0.001,303506,0.0000002,10116870,0.0009766,2.00E+09,0.00000303
996,810163,0.001,303811,0.0000002,10127033,0.0009765,2.00E+09,0.00000303
997,810976,0.0005,304116,0.0000002,10137195,0.0009765,2.00E+09,0.00000303
998,811789,0.001,304421,0.0000002,10147358,0.0009764,2.00E+09,0.00000302
999,812602,0.0005,304726,0.0000002,10157520,0.0009764,2.00E+09,0.00000302